<beans xmlns = "http://www.springframework.org/schema/beans"
   xmlns:xsi = "http://www.w3.org/2001/XMLSchema-instance"
   xmlns:context = "http://www.springframework.org/schema/context"
   xsi:schemaLocation = "http://www.springframework.org/schema/beans
   http://www.springframework.org/schema/beans/spring-beans-3.0.xsd
   http://www.springframework.org/schema/context
   http://www.springframework.org/schema/context/spring-context-3.0.xsd">
	
	<context:annotation-config/>
	
	<bean id="helloWorldBean" class="com.annotation.HelloWorld">
		
		<!--
		<property name="person" ref="person"/> 
		<constructor-arg ref="person" /> -->
	</bean>
	<bean id="person" class="com.annotation.Person">
		<property name="name" value="Wayne"/> 
		<property name="telephoneNumber" value="100"/>
		<property name="age" value="27"/>
		<!--
			<constructor-arg type="java.lang.String" value="Bruce" />
			<constructor-arg type="java.lang.String" value="100" />
			<constructor-arg type="int" value="100" />
		-->
	</bean>
	
	<bean id="person1" class="com.annotation.Person">
		<property name="name" value="Bruce"/> 
		<property name="telephoneNumber" value="100"/>
		<property name="age" value="27"/>
		<!--
			<constructor-arg type="java.lang.String" value="Bruce" />
			<constructor-arg type="java.lang.String" value="100" />
			<constructor-arg type="int" value="100" />
		-->
	</bean>
	
	<bean id="person2" class="com.annotation.Person">
		<property name="name" value="Robin"/> 
		<property name="telephoneNumber" value="100"/>
		<property name="age" value="25"/>
		<!--
			<constructor-arg type="java.lang.String" value="Bruce" />
			<constructor-arg type="java.lang.String" value="100" />
			<constructor-arg type="int" value="100" />
		-->
	</bean>
</beans>
