<beans xmlns="http://www.springframework.org/schema/beans"
	xmlns:xsi="http://www.w3.org/2001/XMLSchema-instance" xmlns:p="http://www.springframework.org/schema/p"
	xmlns:aop="http://www.springframework.org/schema/aop" xmlns:context="http://www.springframework.org/schema/context"
	xmlns:jee="http://www.springframework.org/schema/jee" xmlns:tx="http://www.springframework.org/schema/tx"
	xmlns:task="http://www.springframework.org/schema/task" xmlns:util="http://www.springframework.org/schema/util"
	xsi:schemaLocation="http://www.springframework.org/schema/aop http://www.springframework.org/schema/aop/spring-aop-3.2.xsd http://www.springframework.org/schema/beans http://www.springframework.org/schema/beans/spring-beans-3.2.xsd http://www.springframework.org/schema/context http://www.springframework.org/schema/context/spring-context-3.2.xsd http://www.springframework.org/schema/jee http://www.springframework.org/schema/jee/spring-jee-3.2.xsd http://www.springframework.org/schema/tx http://www.springframework.org/schema/tx/spring-tx-3.2.xsd http://www.springframework.org/schema/task http://www.springframework.org/schema/task/spring-task-3.2.xsd http://www.springframework.org/schema/util http://www.springframework.org/schema/util/spring-util.xsd">

	 <util:properties id="bookID" location="classpath:bookID.properties"/>

	<bean id="book" class="com.spel.Book">
		<property name="id" value="#{bookID['book.id']}" />
		<property name="title" value="Strange Case of Dr Jekyll and Mr Hyde" />
	</bean>
 
	<bean id="author" class="com.spel.Author">
		<property name="name" value="Robert Louis Stevenson" />
		<property name="book" value="#{book}" />
		<property name="bookTitle" value="#{book.title}" />
	</bean>
	
</beans>