<beans xmlns="http://www.springframework.org/schema/beans"
	xmlns:xsi="http://www.w3.org/2001/XMLSchema-instance"
	xsi:schemaLocation="http://www.springframework.org/schema/beans http://www.springframework.org/schema/beans/spring-beans-3.0.xsd">
	<bean id="helloWorldBean"
		class="com.sample.constructor.based.example.services.HelloWorld" >
		 <property name="person" ref="PersonBean"/> 
		<!--<constructor-arg ref="PersonBean" /> -->
	</bean>
	<bean id="PersonBean" class="com.sample.constructor.based.example.services.Person">
		<property name="name" value="Wayne"/> 
		<property name="telephoneNumber" value="100"/>
		<property name="age" value="27"/>
		<!--
			<constructor-arg type="java.lang.String" value="Bruce" />
			<constructor-arg type="java.lang.String" value="100" />
			<constructor-arg type="int" value="100" />
		-->
	</bean>
</beans>