<beans xmlns="http://www.springframework.org/schema/beans"
	xmlns:xsi="http://www.w3.org/2001/XMLSchema-instance"
	xsi:schemaLocation="http://www.springframework.org/schema/beans http://www.springframework.org/schema/beans/spring-beans-3.0.xsd">
	<bean id="helloWorldBean" class="com.autowire2.HelloWorld" autowire="byType">
		
		<!--
		<property name="person" ref="person"/> 
		<constructor-arg ref="person" /> -->
	</bean>
	<bean id="person" class="com.autowire2.Person">
		<property name="name" value="Wayne"/> 
		<property name="telephoneNumber" value="100"/>
		<property name="age" value="27"/>
		<!--
			<constructor-arg type="java.lang.String" value="Bruce" />
			<constructor-arg type="java.lang.String" value="100" />
			<constructor-arg type="int" value="100" />
		-->
	</bean>
</beans>